ICD9,ICD10,disease_name
724.9,M43.20,AbdPelvicSymptoms
724.9,M43.21,AbdPelvicSymptoms
724.9,M43.22,AbdPelvicSymptoms
724.9,M43.23,AbdPelvicSymptoms
724.9,M43.24,AbdPelvicSymptoms
724.9,M43.25,AbdPelvicSymptoms
724.9,M43.26,AbdPelvicSymptoms
724.6,M43.27,AbdPelvicSymptoms
724.9,M43.27,AbdPelvicSymptoms
724.6,M43.28,AbdPelvicSymptoms
724.9,M43.28,AbdPelvicSymptoms
724.9,M43.8X9,AbdPelvicSymptoms
724,M48.00,AbdPelvicSymptoms
724.01,M48.04,AbdPelvicSymptoms
724.01,M48.05,AbdPelvicSymptoms
724.02,M48.06,AbdPelvicSymptoms
724.02,M48.07,AbdPelvicSymptoms
724.09,M48.08,AbdPelvicSymptoms
724.4,M51.14,AbdPelvicSymptoms
724.4,M51.15,AbdPelvicSymptoms
724.4,M51.16,AbdPelvicSymptoms
724.4,M51.17,AbdPelvicSymptoms
724.6,M53.2X7,AbdPelvicSymptoms
724.6,M53.2X8,AbdPelvicSymptoms
724.71,M53.2X8,AbdPelvicSymptoms
724.6,M53.3,AbdPelvicSymptoms
724.7,M53.3,AbdPelvicSymptoms
724.79,M53.3,AbdPelvicSymptoms
724.9,M53.80,AbdPelvicSymptoms
724.9,M53.84,AbdPelvicSymptoms
724.9,M53.85,AbdPelvicSymptoms
724.6,M53.86,AbdPelvicSymptoms
724.6,M53.87,AbdPelvicSymptoms
724.6,M53.88,AbdPelvicSymptoms
724.9,M53.9,AbdPelvicSymptoms
724.8,M54.03,AbdPelvicSymptoms
724.8,M54.04,AbdPelvicSymptoms
724.8,M54.05,AbdPelvicSymptoms
724.8,M54.06,AbdPelvicSymptoms
724.8,M54.07,AbdPelvicSymptoms
724.8,M54.08,AbdPelvicSymptoms
724.8,M54.09,AbdPelvicSymptoms
724.4,M54.14,AbdPelvicSymptoms
724.4,M54.15,AbdPelvicSymptoms
724.4,M54.16,AbdPelvicSymptoms
724.4,M54.17,AbdPelvicSymptoms
724.3,M54.30,AbdPelvicSymptoms
724.3,M54.31,AbdPelvicSymptoms
724.3,M54.32,AbdPelvicSymptoms
724.3,M54.40,AbdPelvicSymptoms
724.3,M54.41,AbdPelvicSymptoms
724.3,M54.42,AbdPelvicSymptoms
724.2,M54.5,AbdPelvicSymptoms
724.1,M54.6,AbdPelvicSymptoms
724.5,M54.89,AbdPelvicSymptoms
724.5,M54.9,AbdPelvicSymptoms
724.8,M62.830,AbdPelvicSymptoms
724.01,M99.22,AbdPelvicSymptoms
724.02,M99.23,AbdPelvicSymptoms
724.09,M99.24,AbdPelvicSymptoms
724.09,M99.25,AbdPelvicSymptoms
724.09,M99.26,AbdPelvicSymptoms
724.09,M99.27,AbdPelvicSymptoms
724.09,M99.28,AbdPelvicSymptoms
724.09,M99.29,AbdPelvicSymptoms
724.01,M99.32,AbdPelvicSymptoms
724.02,M99.33,AbdPelvicSymptoms
724.09,M99.34,AbdPelvicSymptoms
724.09,M99.35,AbdPelvicSymptoms
724.09,M99.36,AbdPelvicSymptoms
724.09,M99.37,AbdPelvicSymptoms
724.09,M99.38,AbdPelvicSymptoms
724.09,M99.39,AbdPelvicSymptoms
724.01,M99.42,AbdPelvicSymptoms
724.02,M99.43,AbdPelvicSymptoms
724.09,M99.44,AbdPelvicSymptoms
724.09,M99.45,AbdPelvicSymptoms
724.09,M99.46,AbdPelvicSymptoms
724.09,M99.47,AbdPelvicSymptoms
724.09,M99.48,AbdPelvicSymptoms
724.09,M99.49,AbdPelvicSymptoms
724.01,M99.52,AbdPelvicSymptoms
724.02,M99.53,AbdPelvicSymptoms
724.09,M99.54,AbdPelvicSymptoms
724.09,M99.55,AbdPelvicSymptoms
724.09,M99.56,AbdPelvicSymptoms
724.09,M99.57,AbdPelvicSymptoms
724.09,M99.58,AbdPelvicSymptoms
724.09,M99.59,AbdPelvicSymptoms
724.01,M99.62,AbdPelvicSymptoms
724.02,M99.63,AbdPelvicSymptoms
724.09,M99.64,AbdPelvicSymptoms
724.09,M99.65,AbdPelvicSymptoms
724.09,M99.66,AbdPelvicSymptoms
724.09,M99.67,AbdPelvicSymptoms
724.09,M99.68,AbdPelvicSymptoms
724.09,M99.69,AbdPelvicSymptoms
724.01,M99.72,AbdPelvicSymptoms
724.02,M99.73,AbdPelvicSymptoms
724.09,M99.74,AbdPelvicSymptoms
724.09,M99.75,AbdPelvicSymptoms
724.09,M99.76,AbdPelvicSymptoms
724.09,M99.77,AbdPelvicSymptoms
724.09,M99.78,AbdPelvicSymptoms
724.09,M99.79,AbdPelvicSymptoms
789,R10.0,AbdPelvicSymptoms
789.09,R10.10,AbdPelvicSymptoms
789.01,R10.11,AbdPelvicSymptoms
789.02,R10.12,AbdPelvicSymptoms
789.06,R10.13,AbdPelvicSymptoms
789.09,R10.2,AbdPelvicSymptoms
789.09,R10.30,AbdPelvicSymptoms
789.03,R10.31,AbdPelvicSymptoms
789.04,R10.32,AbdPelvicSymptoms
789.05,R10.33,AbdPelvicSymptoms
789.61,R10.811,AbdPelvicSymptoms
789.62,R10.812,AbdPelvicSymptoms
789.63,R10.813,AbdPelvicSymptoms
789.64,R10.814,AbdPelvicSymptoms
789.65,R10.815,AbdPelvicSymptoms
789.66,R10.816,AbdPelvicSymptoms
789.67,R10.817,AbdPelvicSymptoms
789.6,R10.819,AbdPelvicSymptoms
789.69,R10.819,AbdPelvicSymptoms
789.61,R10.821,AbdPelvicSymptoms
789.62,R10.822,AbdPelvicSymptoms
789.63,R10.823,AbdPelvicSymptoms
789.64,R10.824,AbdPelvicSymptoms
789.65,R10.825,AbdPelvicSymptoms
789.66,R10.826,AbdPelvicSymptoms
789.67,R10.827,AbdPelvicSymptoms
789.6,R10.829,AbdPelvicSymptoms
789.69,R10.829,AbdPelvicSymptoms
789,R10.83,AbdPelvicSymptoms
789.01,R10.83,AbdPelvicSymptoms
789.02,R10.83,AbdPelvicSymptoms
789.03,R10.83,AbdPelvicSymptoms
789.04,R10.83,AbdPelvicSymptoms
789.05,R10.83,AbdPelvicSymptoms
789.06,R10.83,AbdPelvicSymptoms
789.07,R10.83,AbdPelvicSymptoms
789.09,R10.83,AbdPelvicSymptoms
789.07,R10.84,AbdPelvicSymptoms
789,R10.9,AbdPelvicSymptoms
789.1,R16.0,AbdPelvicSymptoms
789.2,R16.1,AbdPelvicSymptoms
789.1,R16.2,AbdPelvicSymptoms
789.5,R18.8,AbdPelvicSymptoms
789.3,R19.00,AbdPelvicSymptoms
789.31,R19.01,AbdPelvicSymptoms
789.32,R19.02,AbdPelvicSymptoms
789.33,R19.03,AbdPelvicSymptoms
789.34,R19.04,AbdPelvicSymptoms
789.35,R19.05,AbdPelvicSymptoms
789.36,R19.06,AbdPelvicSymptoms
789.37,R19.07,AbdPelvicSymptoms
789.39,R19.09,AbdPelvicSymptoms
789.4,R19.30,AbdPelvicSymptoms
789.49,R19.30,AbdPelvicSymptoms
789.41,R19.31,AbdPelvicSymptoms
789.42,R19.32,AbdPelvicSymptoms
789.43,R19.33,AbdPelvicSymptoms
789.44,R19.34,AbdPelvicSymptoms
789.45,R19.35,AbdPelvicSymptoms
789.46,R19.36,AbdPelvicSymptoms
789.47,R19.37,AbdPelvicSymptoms
789.9,R19.8,AbdPelvicSymptoms
466,J20.8,AcuteBronchitis
466,J20.9,AcuteBronchitis
466.11,J21.0,AcuteBronchitis
466.19,J21.1,AcuteBronchitis
466.19,J21.8,AcuteBronchitis
466.19,J21.9,AcuteBronchitis
465,J06.0,AcuteURI
465.8,J06.9,AcuteURI
465.9,J06.9,AcuteURI
790.8,B34.9,BloodExamFindings
790.94,E07.81,BloodExamFindings
790.6,E79.0,BloodExamFindings
790.1,R70.0,BloodExamFindings
790.99,R70.1,BloodExamFindings
790.01,R71.0,BloodExamFindings
790.09,R71.8,BloodExamFindings
790.2,R73.01,BloodExamFindings
790.2,R73.02,BloodExamFindings
790.2,R73.09,BloodExamFindings
790.2,R73.9,BloodExamFindings
790.6,R73.9,BloodExamFindings
790.4,R74.0,BloodExamFindings
790.5,R74.8,BloodExamFindings
790.5,R74.9,BloodExamFindings
790.99,R77.0,BloodExamFindings
790.99,R77.1,BloodExamFindings
790.99,R77.2,BloodExamFindings
790.99,R77.8,BloodExamFindings
790.99,R77.9,BloodExamFindings
790.3,R78.0,BloodExamFindings
790.99,R78.1,BloodExamFindings
790.99,R78.2,BloodExamFindings
790.99,R78.3,BloodExamFindings
790.99,R78.4,BloodExamFindings
790.99,R78.5,BloodExamFindings
790.99,R78.6,BloodExamFindings
790.6,R78.71,BloodExamFindings
790.6,R78.79,BloodExamFindings
790.7,R78.81,BloodExamFindings
790.6,R78.89,BloodExamFindings
790.99,R78.89,BloodExamFindings
790.99,R78.9,BloodExamFindings
790.6,R79.0,BloodExamFindings
790.92,R79.1,BloodExamFindings
790.91,R79.81,BloodExamFindings
790.99,R79.82,BloodExamFindings
790.6,R79.89,BloodExamFindings
790.99,R79.89,BloodExamFindings
790.6,R79.9,BloodExamFindings
790.99,R79.9,BloodExamFindings
790.93,R97.2,BloodExamFindings
402.01,I11.0,CardioDisease
402.11,I11.0,CardioDisease
402.91,I11.0,CardioDisease
402,I11.9,CardioDisease
402.1,I11.9,CardioDisease
402.9,I11.9,CardioDisease
411.1,I20.0,CardioDisease
413.9,I20.8,CardioDisease
413.9,I20.9,CardioDisease
412,I25.2,CardioDisease
414.9,I25.9,CardioDisease
425.4,I42.0,CardioDisease
425.1,I42.1,CardioDisease
425.4,I42.2,CardioDisease
425,I42.3,CardioDisease
425.3,I42.4,CardioDisease
425.4,I42.5,CardioDisease
425.5,I42.6,CardioDisease
425.9,I42.7,CardioDisease
425.2,I42.8,CardioDisease
425.4,I42.8,CardioDisease
425.4,I42.9,CardioDisease
425.9,I42.9,CardioDisease
425.7,I43,CardioDisease
425.8,I43,CardioDisease
428.1,I50.1,CardioDisease
428,I50.20,CardioDisease
428,I50.21,CardioDisease
428,I50.22,CardioDisease
428,I50.23,CardioDisease
428,I50.30,CardioDisease
428,I50.31,CardioDisease
428,I50.32,CardioDisease
428,I50.33,CardioDisease
428,I50.40,CardioDisease
428,I50.41,CardioDisease
428,I50.42,CardioDisease
428,I50.43,CardioDisease
428,I50.9,CardioDisease
428.9,I50.9,CardioDisease
435.9,G45.9,CerebroDisease
432.9,I62.9,CerebroDisease
434.91,I63.50,CerebroDisease
434.91,I63.511,CerebroDisease
434.91,I63.512,CerebroDisease
434.91,I63.519,CerebroDisease
434.91,I63.521,CerebroDisease
434.91,I63.522,CerebroDisease
434.91,I63.529,CerebroDisease
434.91,I63.531,CerebroDisease
434.91,I63.532,CerebroDisease
434.91,I63.539,CerebroDisease
434.91,I63.541,CerebroDisease
434.91,I63.542,CerebroDisease
434.91,I63.549,CerebroDisease
434.91,I63.59,CerebroDisease
434.91,I63.8,CerebroDisease
434.91,I63.9,CerebroDisease
437.1,I67.81,CerebroDisease
437.1,I67.82,CerebroDisease
435.9,I67.841,CerebroDisease
435.9,I67.848,CerebroDisease
437.1,I67.89,CerebroDisease
372.02,H10.011,ConjunctivaDis
372.02,H10.012,ConjunctivaDis
372.02,H10.013,ConjunctivaDis
372.02,H10.019,ConjunctivaDis
372.03,H10.021,ConjunctivaDis
372.03,H10.022,ConjunctivaDis
372.03,H10.023,ConjunctivaDis
372.03,H10.029,ConjunctivaDis
372.05,H10.10,ConjunctivaDis
372.05,H10.11,ConjunctivaDis
372.05,H10.12,ConjunctivaDis
372.05,H10.13,ConjunctivaDis
372.01,H10.211,ConjunctivaDis
372.01,H10.212,ConjunctivaDis
372.01,H10.213,ConjunctivaDis
372.01,H10.219,ConjunctivaDis
372.04,H10.221,ConjunctivaDis
372.04,H10.222,ConjunctivaDis
372.04,H10.223,ConjunctivaDis
372.04,H10.229,ConjunctivaDis
372.01,H10.231,ConjunctivaDis
372.01,H10.232,ConjunctivaDis
372.01,H10.233,ConjunctivaDis
372.01,H10.239,ConjunctivaDis
372,H10.30,ConjunctivaDis
372,H10.31,ConjunctivaDis
372,H10.32,ConjunctivaDis
372,H10.33,ConjunctivaDis
372.1,H10.401,ConjunctivaDis
372.1,H10.402,ConjunctivaDis
372.1,H10.403,ConjunctivaDis
372.1,H10.409,ConjunctivaDis
372.14,H10.411,ConjunctivaDis
372.14,H10.412,ConjunctivaDis
372.14,H10.413,ConjunctivaDis
372.14,H10.419,ConjunctivaDis
372.11,H10.421,ConjunctivaDis
372.11,H10.422,ConjunctivaDis
372.11,H10.423,ConjunctivaDis
372.11,H10.429,ConjunctivaDis
372.12,H10.431,ConjunctivaDis
372.12,H10.432,ConjunctivaDis
372.12,H10.433,ConjunctivaDis
372.12,H10.439,ConjunctivaDis
372.13,H10.44,ConjunctivaDis
372.14,H10.45,ConjunctivaDis
372.2,H10.501,ConjunctivaDis
372.2,H10.502,ConjunctivaDis
372.2,H10.503,ConjunctivaDis
372.2,H10.509,ConjunctivaDis
372.39,H10.511,ConjunctivaDis
372.39,H10.512,ConjunctivaDis
372.39,H10.513,ConjunctivaDis
372.39,H10.519,ConjunctivaDis
372.21,H10.521,ConjunctivaDis
372.21,H10.522,ConjunctivaDis
372.21,H10.523,ConjunctivaDis
372.21,H10.529,ConjunctivaDis
372.22,H10.531,ConjunctivaDis
372.22,H10.532,ConjunctivaDis
372.22,H10.533,ConjunctivaDis
372.22,H10.539,ConjunctivaDis
372.51,H10.811,ConjunctivaDis
372.51,H10.812,ConjunctivaDis
372.51,H10.813,ConjunctivaDis
372.51,H10.819,ConjunctivaDis
372.15,H10.89,ConjunctivaDis
372.31,H10.89,ConjunctivaDis
372.33,H10.89,ConjunctivaDis
372.39,H10.89,ConjunctivaDis
372.3,H10.9,ConjunctivaDis
372.4,H11.001,ConjunctivaDis
372.4,H11.002,ConjunctivaDis
372.4,H11.003,ConjunctivaDis
372.4,H11.009,ConjunctivaDis
372.4,H11.011,ConjunctivaDis
372.4,H11.012,ConjunctivaDis
372.4,H11.013,ConjunctivaDis
372.4,H11.019,ConjunctivaDis
372.43,H11.021,ConjunctivaDis
372.43,H11.022,ConjunctivaDis
372.43,H11.023,ConjunctivaDis
372.43,H11.029,ConjunctivaDis
372.44,H11.031,ConjunctivaDis
372.44,H11.032,ConjunctivaDis
372.44,H11.033,ConjunctivaDis
372.44,H11.039,ConjunctivaDis
372.41,H11.041,ConjunctivaDis
372.41,H11.042,ConjunctivaDis
372.41,H11.043,ConjunctivaDis
372.41,H11.049,ConjunctivaDis
372.42,H11.051,ConjunctivaDis
372.42,H11.052,ConjunctivaDis
372.42,H11.053,ConjunctivaDis
372.42,H11.059,ConjunctivaDis
372.45,H11.061,ConjunctivaDis
372.45,H11.062,ConjunctivaDis
372.45,H11.063,ConjunctivaDis
372.45,H11.069,ConjunctivaDis
372.5,H11.10,ConjunctivaDis
372.56,H11.111,ConjunctivaDis
372.56,H11.112,ConjunctivaDis
372.56,H11.113,ConjunctivaDis
372.56,H11.119,ConjunctivaDis
372.54,H11.121,ConjunctivaDis
372.54,H11.122,ConjunctivaDis
372.54,H11.123,ConjunctivaDis
372.54,H11.129,ConjunctivaDis
372.55,H11.131,ConjunctivaDis
372.55,H11.132,ConjunctivaDis
372.55,H11.133,ConjunctivaDis
372.55,H11.139,ConjunctivaDis
372.53,H11.141,ConjunctivaDis
372.53,H11.142,ConjunctivaDis
372.53,H11.143,ConjunctivaDis
372.53,H11.149,ConjunctivaDis
372.51,H11.151,ConjunctivaDis
372.51,H11.152,ConjunctivaDis
372.51,H11.153,ConjunctivaDis
372.51,H11.159,ConjunctivaDis
372.62,H11.211,ConjunctivaDis
372.62,H11.212,ConjunctivaDis
372.62,H11.213,ConjunctivaDis
372.62,H11.219,ConjunctivaDis
372.61,H11.221,ConjunctivaDis
372.61,H11.222,ConjunctivaDis
372.61,H11.223,ConjunctivaDis
372.61,H11.229,ConjunctivaDis
372.63,H11.231,ConjunctivaDis
372.63,H11.232,ConjunctivaDis
372.63,H11.233,ConjunctivaDis
372.63,H11.239,ConjunctivaDis
372.64,H11.241,ConjunctivaDis
372.64,H11.242,ConjunctivaDis
372.64,H11.243,ConjunctivaDis
372.64,H11.249,ConjunctivaDis
372.72,H11.30,ConjunctivaDis
372.72,H11.31,ConjunctivaDis
372.72,H11.32,ConjunctivaDis
372.72,H11.33,ConjunctivaDis
372.74,H11.411,ConjunctivaDis
372.74,H11.412,ConjunctivaDis
372.74,H11.413,ConjunctivaDis
372.74,H11.419,ConjunctivaDis
372.73,H11.421,ConjunctivaDis
372.73,H11.422,ConjunctivaDis
372.73,H11.423,ConjunctivaDis
372.73,H11.429,ConjunctivaDis
372.71,H11.431,ConjunctivaDis
372.71,H11.432,ConjunctivaDis
372.71,H11.433,ConjunctivaDis
372.71,H11.439,ConjunctivaDis
372.75,H11.441,ConjunctivaDis
372.75,H11.442,ConjunctivaDis
372.75,H11.443,ConjunctivaDis
372.75,H11.449,ConjunctivaDis
372.52,H11.811,ConjunctivaDis
372.52,H11.812,ConjunctivaDis
372.52,H11.813,ConjunctivaDis
372.52,H11.819,ConjunctivaDis
372.81,H11.821,ConjunctivaDis
372.81,H11.822,ConjunctivaDis
372.81,H11.823,ConjunctivaDis
372.81,H11.829,ConjunctivaDis
372.89,H11.89,ConjunctivaDis
372.9,H11.9,ConjunctivaDis
692.83,L23.0,ContactDermEczema
692.4,L23.1,ContactDermEczema
692.81,L23.2,ContactDermEczema
692.3,L23.3,ContactDermEczema
692.89,L23.4,ContactDermEczema
692.4,L23.5,ContactDermEczema
692.5,L23.6,ContactDermEczema
692.6,L23.7,ContactDermEczema
692.89,L23.81,ContactDermEczema
692.89,L23.89,ContactDermEczema
692.9,L23.9,ContactDermEczema
692,L24.0,ContactDermEczema
692.1,L24.1,ContactDermEczema
692.2,L24.2,ContactDermEczema
692.81,L24.3,ContactDermEczema
692.3,L24.4,ContactDermEczema
692.4,L24.5,ContactDermEczema
692.5,L24.6,ContactDermEczema
692.6,L24.7,ContactDermEczema
692.83,L24.81,ContactDermEczema
692.89,L24.89,ContactDermEczema
692.9,L24.9,ContactDermEczema
692.81,L25.0,ContactDermEczema
692.3,L25.1,ContactDermEczema
692.89,L25.2,ContactDermEczema
692.4,L25.3,ContactDermEczema
692.5,L25.4,ContactDermEczema
692.6,L25.5,ContactDermEczema
692.89,L25.8,ContactDermEczema
692.9,L25.9,ContactDermEczema
692.9,L30.0,ContactDermEczema
692.9,L30.2,ContactDermEczema
692.9,L30.8,ContactDermEczema
692.9,L30.9,ContactDermEczema
692.71,L55.0,ContactDermEczema
692.71,L55.1,ContactDermEczema
692.71,L55.2,ContactDermEczema
692.71,L55.9,ContactDermEczema
692.72,L56.0,ContactDermEczema
692.72,L56.1,ContactDermEczema
692.72,L56.2,ContactDermEczema
692.72,L56.3,ContactDermEczema
692.82,L56.4,ContactDermEczema
692.75,L56.5,ContactDermEczema
692.79,L56.8,ContactDermEczema
692.79,L56.9,ContactDermEczema
692.73,L57.1,ContactDermEczema
692.73,L57.5,ContactDermEczema
692.7,L57.8,ContactDermEczema
692.74,L57.8,ContactDermEczema
692.74,L57.9,ContactDermEczema
692.82,L58.0,ContactDermEczema
692.82,L58.1,ContactDermEczema
692.82,L58.9,ContactDermEczema
692.82,L59.0,ContactDermEczema
692.82,L59.8,ContactDermEczema
692.82,L59.9,ContactDermEczema
110,B35.0,Dermatophytosis
110.1,B35.1,Dermatophytosis
110.2,B35.2,Dermatophytosis
110.4,B35.3,Dermatophytosis
110.5,B35.4,Dermatophytosis
110.5,B35.5,Dermatophytosis
110.3,B35.6,Dermatophytosis
110.6,B35.8,Dermatophytosis
110.8,B35.8,Dermatophytosis
110.9,B35.9,Dermatophytosis
250.2,E08.00,diabete
251.8,E08.00,diabete
250.2,E08.01,diabete
250.5,E08.311,diabete
250.52,E08.311,diabete
250.5,E08.319,diabete
250.52,E08.319,diabete
250.5,E08.321,diabete
250.52,E08.321,diabete
250.5,E08.329,diabete
250.52,E08.329,diabete
250.5,E08.331,diabete
250.52,E08.331,diabete
250.5,E08.339,diabete
250.52,E08.339,diabete
250.5,E08.341,diabete
250.52,E08.341,diabete
250.5,E08.349,diabete
250.52,E08.349,diabete
250.5,E08.351,diabete
250.52,E08.351,diabete
250.5,E08.359,diabete
250.52,E08.359,diabete
250.5,E08.36,diabete
250.52,E08.36,diabete
366.41,E08.36,diabete
250.52,E08.39,diabete
250.52,E08.39,diabete
250.6,E08.40,diabete
250.6,E08.41,diabete
250.6,E08.42,diabete
357.2,E08.42,diabete
250.6,E08.43,diabete
250.6,E08.44,diabete
250.6,E08.49,diabete
250.7,E08.51,diabete
250.7,E08.52,diabete
250.7,E08.59,diabete
251.8,E08.59,diabete
250.3,E08.641,diabete
250.9,E08.8,diabete
250.2,E09.00,diabete
251.8,E09.00,diabete
250.2,E09.01,diabete
250.5,E09.311,diabete
250.52,E09.311,diabete
250.5,E09.319,diabete
250.52,E09.319,diabete
250.5,E09.321,diabete
250.52,E09.321,diabete
250.5,E09.329,diabete
250.52,E09.329,diabete
250.5,E09.331,diabete
250.52,E09.331,diabete
250.5,E09.339,diabete
250.52,E09.339,diabete
250.5,E09.341,diabete
250.52,E09.341,diabete
250.5,E09.349,diabete
250.52,E09.349,diabete
250.5,E09.351,diabete
250.52,E09.351,diabete
250.5,E09.359,diabete
250.52,E09.359,diabete
250.5,E09.36,diabete
250.52,E09.36,diabete
366.41,E09.36,diabete
250.52,E09.39,diabete
250.52,E09.39,diabete
250.6,E09.40,diabete
250.6,E09.41,diabete
250.6,E09.42,diabete
357.2,E09.42,diabete
250.6,E09.43,diabete
250.6,E09.44,diabete
250.6,E09.49,diabete
250.7,E09.51,diabete
250.7,E09.52,diabete
250.7,E09.59,diabete
251.8,E09.59,diabete
250.3,E09.641,diabete
250.9,E09.8,diabete
250.11,E10.10,diabete
250.13,E10.10,diabete
250.31,E10.11,diabete
250.33,E10.11,diabete
250.41,E10.21,diabete
250.43,E10.21,diabete
583.81,E10.21,diabete
250.41,E10.22,diabete
250.41,E10.29,diabete
250.51,E10.311,diabete
250.53,E10.311,diabete
250.51,E10.319,diabete
250.53,E10.319,diabete
250.51,E10.36,diabete
250.53,E10.36,diabete
366.41,E10.36,diabete
250.51,E10.39,diabete
250.53,E10.39,diabete
250.61,E10.40,diabete
250.63,E10.40,diabete
357.2,E10.40,diabete
250.61,E10.41,diabete
357.2,E10.42,diabete
250.61,E10.44,diabete
250.61,E10.49,diabete
250.71,E10.51,diabete
250.73,E10.51,diabete
250.71,E10.52,diabete
250.71,E10.59,diabete
250.61,E10.610,diabete
250.81,E10.618,diabete
250.81,E10.620,diabete
250.81,E10.621,diabete
250.81,E10.622,diabete
250.81,E10.628,diabete
250.81,E10.630,diabete
250.81,E10.638,diabete
250.31,E10.641,diabete
250.81,E10.649,diabete
250.03,E10.65,diabete
250.13,E10.65,diabete
250.23,E10.65,diabete
250.33,E10.65,diabete
250.43,E10.65,diabete
250.53,E10.65,diabete
250.63,E10.65,diabete
250.73,E10.65,diabete
250.81,E10.65,diabete
250.83,E10.65,diabete
250.93,E10.65,diabete
250.21,E10.69,diabete
250.23,E10.69,diabete
250.81,E10.69,diabete
250.83,E10.69,diabete
250.91,E10.8,diabete
250.93,E10.8,diabete
250.01,E10.9,diabete
250.2,E11.00,diabete
250.22,E11.00,diabete
250.2,E11.01,diabete
250.22,E11.01,diabete
250.4,E11.21,diabete
250.42,E11.21,diabete
583.81,E11.21,diabete
250.4,E11.22,diabete
250.42,E11.22,diabete
250.4,E11.29,diabete
250.42,E11.29,diabete
250.5,E11.311,diabete
250.52,E11.311,diabete
362.01,E11.311,diabete
250.5,E11.319,diabete
250.52,E11.319,diabete
362.01,E11.319,diabete
250.5,E11.321,diabete
250.52,E11.321,diabete
362.01,E11.321,diabete
250.5,E11.329,diabete
250.52,E11.329,diabete
362.01,E11.329,diabete
250.5,E11.331,diabete
250.52,E11.331,diabete
362.01,E11.331,diabete
250.5,E11.339,diabete
250.52,E11.339,diabete
362.01,E11.339,diabete
250.5,E11.341,diabete
250.52,E11.341,diabete
362.01,E11.341,diabete
250.5,E11.349,diabete
250.52,E11.349,diabete
362.01,E11.349,diabete
250.5,E11.351,diabete
250.52,E11.351,diabete
362.02,E11.351,diabete
250.5,E11.359,diabete
250.52,E11.359,diabete
362.02,E11.359,diabete
250.5,E11.36,diabete
250.52,E11.36,diabete
366.41,E11.36,diabete
250.5,E11.39,diabete
250.52,E11.39,diabete
250.6,E11.40,diabete
250.62,E11.40,diabete
357.2,E11.40,diabete
250.6,E11.41,diabete
250.62,E11.41,diabete
250.6,E11.42,diabete
250.62,E11.42,diabete
357.2,E11.42,diabete
250.6,E11.43,diabete
250.62,E11.43,diabete
250.6,E11.44,diabete
250.62,E11.44,diabete
250.6,E11.49,diabete
250.62,E11.49,diabete
250.7,E11.51,diabete
250.72,E11.51,diabete
250.7,E11.52,diabete
250.72,E11.52,diabete
250.7,E11.59,diabete
250.72,E11.59,diabete
250.8,E11.610,diabete
250.8,E11.618,diabete
250.8,E11.620,diabete
250.8,E11.621,diabete
250.8,E11.622,diabete
250.8,E11.628,diabete
250.8,E11.630,diabete
250.8,E11.638,diabete
250.3,E11.641,diabete
250.32,E11.641,diabete
250.8,E11.649,diabete
250.02,E11.65,diabete
250.1,E11.65,diabete
250.12,E11.65,diabete
250.22,E11.65,diabete
250.32,E11.65,diabete
250.42,E11.65,diabete
250.52,E11.65,diabete
250.62,E11.65,diabete
250.72,E11.65,diabete
250.8,E11.65,diabete
250.82,E11.65,diabete
250.92,E11.65,diabete
250.12,E11.69,diabete
250.8,E11.69,diabete
250.82,E11.69,diabete
250.9,E11.8,diabete
250.92,E11.8,diabete
250,E11.9,diabete
357.2,E08.42,DiabeticNeuro
357.2,E09.42,DiabeticNeuro
357.2,E10.40,DiabeticNeuro
357.2,E10.42,DiabeticNeuro
357.2,E11.40,DiabeticNeuro
357.2,E11.42,DiabeticNeuro
357.2,E13.42,DiabeticNeuro
353,G54.0,DiabeticNeuro
353.1,G54.1,DiabeticNeuro
353.2,G54.2,DiabeticNeuro
353.3,G54.3,DiabeticNeuro
353.4,G54.4,DiabeticNeuro
353.5,G54.5,DiabeticNeuro
353.6,G54.6,DiabeticNeuro
353.6,G54.7,DiabeticNeuro
353.8,G54.8,DiabeticNeuro
353.9,G54.9,DiabeticNeuro
353.8,G55,DiabeticNeuro
337.1,G99.0,DiabeticNeuro
362.01,E11.311,EyeComp
362.01,E11.319,EyeComp
362.01,E11.321,EyeComp
362.01,E11.329,EyeComp
362.01,E11.331,EyeComp
362.01,E11.339,EyeComp
362.01,E11.341,EyeComp
362.01,E11.349,EyeComp
362.02,E11.351,EyeComp
362.02,E11.359,EyeComp
361,H33.001,EyeComp
361,H33.002,EyeComp
361,H33.003,EyeComp
361,H33.009,EyeComp
361.01,H33.011,EyeComp
361.01,H33.012,EyeComp
361.01,H33.013,EyeComp
361.01,H33.019,EyeComp
361.02,H33.021,EyeComp
361.02,H33.022,EyeComp
361.02,H33.023,EyeComp
361.02,H33.029,EyeComp
361.03,H33.031,EyeComp
361.03,H33.032,EyeComp
361.03,H33.033,EyeComp
361.03,H33.039,EyeComp
361.04,H33.041,EyeComp
361.04,H33.042,EyeComp
361.04,H33.043,EyeComp
361.04,H33.049,EyeComp
361.05,H33.051,EyeComp
361.07,H33.051,EyeComp
361.05,H33.052,EyeComp
361.07,H33.052,EyeComp
361.05,H33.053,EyeComp
361.07,H33.053,EyeComp
361.05,H33.059,EyeComp
361.07,H33.059,EyeComp
361.1,H33.101,EyeComp
361.1,H33.102,EyeComp
361.1,H33.103,EyeComp
361.1,H33.109,EyeComp
361.19,H33.111,EyeComp
361.19,H33.112,EyeComp
361.19,H33.113,EyeComp
361.19,H33.119,EyeComp
361.1,H33.191,EyeComp
361.11,H33.191,EyeComp
361.12,H33.191,EyeComp
361.13,H33.191,EyeComp
361.14,H33.191,EyeComp
361.19,H33.191,EyeComp
361.1,H33.192,EyeComp
361.11,H33.192,EyeComp
361.12,H33.192,EyeComp
361.13,H33.192,EyeComp
361.14,H33.192,EyeComp
361.19,H33.192,EyeComp
361.1,H33.193,EyeComp
361.11,H33.193,EyeComp
361.12,H33.193,EyeComp
361.13,H33.193,EyeComp
361.14,H33.193,EyeComp
361.19,H33.193,EyeComp
361.11,H33.199,EyeComp
361.12,H33.199,EyeComp
361.13,H33.199,EyeComp
361.14,H33.199,EyeComp
361.19,H33.199,EyeComp
361.2,H33.20,EyeComp
361.9,H33.20,EyeComp
361.2,H33.21,EyeComp
361.2,H33.22,EyeComp
361.2,H33.23,EyeComp
361.3,H33.301,EyeComp
361.3,H33.302,EyeComp
361.3,H33.303,EyeComp
361.3,H33.309,EyeComp
361.32,H33.311,EyeComp
361.32,H33.312,EyeComp
361.32,H33.313,EyeComp
361.32,H33.319,EyeComp
361.31,H33.321,EyeComp
361.31,H33.322,EyeComp
361.31,H33.323,EyeComp
361.31,H33.329,EyeComp
361.33,H33.331,EyeComp
361.33,H33.332,EyeComp
361.33,H33.333,EyeComp
361.33,H33.339,EyeComp
361.81,H33.40,EyeComp
361.81,H33.41,EyeComp
361.81,H33.42,EyeComp
361.81,H33.43,EyeComp
361.06,H33.8,EyeComp
361.89,H33.8,EyeComp
362.11,H35.031,EyeComp
362.11,H35.032,EyeComp
362.11,H35.033,EyeComp
362.11,H35.039,EyeComp
362.55,H35.381,EyeComp
362.55,H35.382,EyeComp
362.55,H35.383,EyeComp
362.55,H35.389,EyeComp
365.44,H42,EyeComp
369,H54.0,EyeComp
369.01,H54.0,EyeComp
369.02,H54.0,EyeComp
369.03,H54.0,EyeComp
369.04,H54.0,EyeComp
369.05,H54.0,EyeComp
369.06,H54.0,EyeComp
369.07,H54.0,EyeComp
369.08,H54.0,EyeComp
369.1,H54.10,EyeComp
369.11,H54.10,EyeComp
369.12,H54.10,EyeComp
369.13,H54.10,EyeComp
369.14,H54.10,EyeComp
369.15,H54.10,EyeComp
369.16,H54.10,EyeComp
369.17,H54.10,EyeComp
369.18,H54.10,EyeComp
369.1,H54.11,EyeComp
369.11,H54.11,EyeComp
369.12,H54.11,EyeComp
369.13,H54.11,EyeComp
369.14,H54.11,EyeComp
369.15,H54.11,EyeComp
369.16,H54.11,EyeComp
369.17,H54.11,EyeComp
369.18,H54.11,EyeComp
369.1,H54.12,EyeComp
369.11,H54.12,EyeComp
369.12,H54.12,EyeComp
369.13,H54.12,EyeComp
369.14,H54.12,EyeComp
369.15,H54.12,EyeComp
369.16,H54.12,EyeComp
369.17,H54.12,EyeComp
369.18,H54.12,EyeComp
369.2,H54.2,EyeComp
369.21,H54.2,EyeComp
369.22,H54.2,EyeComp
369.23,H54.2,EyeComp
369.24,H54.2,EyeComp
369.25,H54.2,EyeComp
369.3,H54.3,EyeComp
369.6,H54.40,EyeComp
369.61,H54.40,EyeComp
369.64,H54.40,EyeComp
369.67,H54.40,EyeComp
369.62,H54.41,EyeComp
369.63,H54.41,EyeComp
369.65,H54.41,EyeComp
369.66,H54.41,EyeComp
369.68,H54.41,EyeComp
369.69,H54.41,EyeComp
369.62,H54.42,EyeComp
369.63,H54.42,EyeComp
369.65,H54.42,EyeComp
369.66,H54.42,EyeComp
369.68,H54.42,EyeComp
369.69,H54.42,EyeComp
369.7,H54.50,EyeComp
369.71,H54.50,EyeComp
369.74,H54.50,EyeComp
369.7,H54.51,EyeComp
369.72,H54.51,EyeComp
369.73,H54.51,EyeComp
369.75,H54.51,EyeComp
369.76,H54.51,EyeComp
369.7,H54.52,EyeComp
369.72,H54.52,EyeComp
369.73,H54.52,EyeComp
369.75,H54.52,EyeComp
369.76,H54.52,EyeComp
369.8,H54.60,EyeComp
369.8,H54.61,EyeComp
369.8,H54.62,EyeComp
369.9,H54.7,EyeComp
369.4,H54.8,EyeComp
780.01,E03.5,GenSymptoms
780.59,F51.8,GenSymptoms
780.39,G40.909,GenSymptoms
780.51,G47.00,GenSymptoms
780.52,G47.00,GenSymptoms
780.51,G47.01,GenSymptoms
780.51,G47.01,GenSymptoms
780.52,G47.01,GenSymptoms
780.51,G47.09,GenSymptoms
780.51,G47.09,GenSymptoms
780.52,G47.09,GenSymptoms
780.53,G47.10,GenSymptoms
780.54,G47.10,GenSymptoms
780.53,G47.11,GenSymptoms
780.54,G47.11,GenSymptoms
780.53,G47.12,GenSymptoms
780.54,G47.12,GenSymptoms
780.53,G47.13,GenSymptoms
780.54,G47.13,GenSymptoms
780.53,G47.14,GenSymptoms
780.54,G47.14,GenSymptoms
780.53,G47.19,GenSymptoms
780.54,G47.19,GenSymptoms
780.55,G47.20,GenSymptoms
780.51,G47.30,GenSymptoms
780.51,G47.30,GenSymptoms
780.53,G47.30,GenSymptoms
780.57,G47.30,GenSymptoms
780.51,G47.31,GenSymptoms
780.53,G47.31,GenSymptoms
780.57,G47.31,GenSymptoms
780.51,G47.32,GenSymptoms
780.53,G47.32,GenSymptoms
780.57,G47.32,GenSymptoms
780.51,G47.33,GenSymptoms
780.53,G47.33,GenSymptoms
780.57,G47.33,GenSymptoms
780.51,G47.34,GenSymptoms
780.53,G47.34,GenSymptoms
780.57,G47.34,GenSymptoms
780.51,G47.35,GenSymptoms
780.53,G47.35,GenSymptoms
780.57,G47.35,GenSymptoms
780.51,G47.36,GenSymptoms
780.53,G47.36,GenSymptoms
780.57,G47.36,GenSymptoms
780.51,G47.37,GenSymptoms
780.53,G47.37,GenSymptoms
780.57,G47.37,GenSymptoms
780.51,G47.39,GenSymptoms
780.51,G47.39,GenSymptoms
780.53,G47.39,GenSymptoms
780.57,G47.39,GenSymptoms
780.59,G47.50,GenSymptoms
780.59,G47.51,GenSymptoms
780.59,G47.52,GenSymptoms
780.59,G47.53,GenSymptoms
780.59,G47.54,GenSymptoms
780.59,G47.59,GenSymptoms
780.59,G47.61,GenSymptoms
780.59,G47.69,GenSymptoms
780.5,G47.8,GenSymptoms
780.56,G47.8,GenSymptoms
780.59,G47.8,GenSymptoms
780.5,G47.9,GenSymptoms
780.79,G93.3,GenSymptoms
780.8,L74.510,GenSymptoms
780.8,L74.511,GenSymptoms
780.8,L74.512,GenSymptoms
780.8,L74.513,GenSymptoms
780.8,L74.519,GenSymptoms
780.8,L74.52,GenSymptoms
780.09,R40.0,GenSymptoms
780.09,R40.1,GenSymptoms
780.01,R40.20,GenSymptoms
780.01,R40.2110,GenSymptoms
780.01,R40.2111,GenSymptoms
780.01,R40.2112,GenSymptoms
780.01,R40.2113,GenSymptoms
780.01,R40.2114,GenSymptoms
780.01,R40.2120,GenSymptoms
780.01,R40.2121,GenSymptoms
780.01,R40.2122,GenSymptoms
780.01,R40.2123,GenSymptoms
780.01,R40.2124,GenSymptoms
780.01,R40.2210,GenSymptoms
780.01,R40.2211,GenSymptoms
780.01,R40.2212,GenSymptoms
780.01,R40.2213,GenSymptoms
780.01,R40.2214,GenSymptoms
780.01,R40.2220,GenSymptoms
780.01,R40.2221,GenSymptoms
780.01,R40.2222,GenSymptoms
780.01,R40.2223,GenSymptoms
780.01,R40.2224,GenSymptoms
780.01,R40.2310,GenSymptoms
780.01,R40.2311,GenSymptoms
780.01,R40.2312,GenSymptoms
780.01,R40.2313,GenSymptoms
780.01,R40.2314,GenSymptoms
780.01,R40.2320,GenSymptoms
780.01,R40.2321,GenSymptoms
780.01,R40.2322,GenSymptoms
780.01,R40.2323,GenSymptoms
780.01,R40.2324,GenSymptoms
780.01,R40.2340,GenSymptoms
780.01,R40.2341,GenSymptoms
780.01,R40.2342,GenSymptoms
780.01,R40.2343,GenSymptoms
780.01,R40.2344,GenSymptoms
780.03,R40.3,GenSymptoms
780.02,R40.4,GenSymptoms
780.09,R41.0,GenSymptoms
780.9,R41.0,GenSymptoms
780.9,R41.1,GenSymptoms
780.9,R41.2,GenSymptoms
780.9,R41.3,GenSymptoms
780.9,R41.82,GenSymptoms
780.9,R41.89,GenSymptoms
780.9,R41.9,GenSymptoms
780.4,R42,GenSymptoms
780.1,R44.0,GenSymptoms
780.1,R44.2,GenSymptoms
780.1,R44.3,GenSymptoms
780.9,R45.83,GenSymptoms
780.9,R45.84,GenSymptoms
780.6,R50.2,GenSymptoms
780.6,R50.81,GenSymptoms
780.6,R50.9,GenSymptoms
780.9,R52,GenSymptoms
780.79,R53.0,GenSymptoms
780.79,R53.1,GenSymptoms
780.79,R53.81,GenSymptoms
780.71,R53.82,GenSymptoms
780.79,R53.83,GenSymptoms
780.2,R55,GenSymptoms
780.31,R56.00,GenSymptoms
780.39,R56.01,GenSymptoms
780.39,R56.1,GenSymptoms
780.39,R56.9,GenSymptoms
780.8,R61,GenSymptoms
780.9,R68.0,GenSymptoms
780.9,R68.11,GenSymptoms
780.9,R68.12,GenSymptoms
780.9,R68.81,GenSymptoms
780.9,R68.83,GenSymptoms
780.9,R68.89,GenSymptoms
784,G44.051,HeadNeckSymptoms
784,G44.059,HeadNeckSymptoms
784,G44.091,HeadNeckSymptoms
784,G44.099,HeadNeckSymptoms
784,G44.1,HeadNeckSymptoms
784,G44.301,HeadNeckSymptoms
784,G44.309,HeadNeckSymptoms
784,G44.311,HeadNeckSymptoms
784,G44.319,HeadNeckSymptoms
784,G44.321,HeadNeckSymptoms
784,G44.329,HeadNeckSymptoms
784,G44.40,HeadNeckSymptoms
784,G44.41,HeadNeckSymptoms
784,G44.52,HeadNeckSymptoms
784,G44.53,HeadNeckSymptoms
784,G44.59,HeadNeckSymptoms
784,G44.81,HeadNeckSymptoms
784,G44.82,HeadNeckSymptoms
784,G44.83,HeadNeckSymptoms
784,G44.84,HeadNeckSymptoms
784,G44.85,HeadNeckSymptoms
784,G44.89,HeadNeckSymptoms
784.7,R04.0,HeadNeckSymptoms
784.8,R04.1,HeadNeckSymptoms
784.9,R06.5,HeadNeckSymptoms
784.9,R06.7,HeadNeckSymptoms
784.1,R07.0,HeadNeckSymptoms
784.9,R19.6,HeadNeckSymptoms
784.2,R22.0,HeadNeckSymptoms
784.2,R22.1,HeadNeckSymptoms
784.3,R47.01,HeadNeckSymptoms
784.5,R47.02,HeadNeckSymptoms
784.5,R47.1,HeadNeckSymptoms
784.5,R47.81,HeadNeckSymptoms
784.5,R47.89,HeadNeckSymptoms
784.5,R47.9,HeadNeckSymptoms
784.61,R48.0,HeadNeckSymptoms
784.69,R48.1,HeadNeckSymptoms
784.69,R48.2,HeadNeckSymptoms
784.69,R48.8,HeadNeckSymptoms
784.6,R48.9,HeadNeckSymptoms
784.49,R49.0,HeadNeckSymptoms
784.41,R49.1,HeadNeckSymptoms
784.49,R49.21,HeadNeckSymptoms
784.49,R49.22,HeadNeckSymptoms
784.49,R49.8,HeadNeckSymptoms
784.4,R49.9,HeadNeckSymptoms
784,R51,HeadNeckSymptoms
784.2,R90.0,HeadNeckSymptoms
401,I10,Hypertension
401.1,I10,Hypertension
401.9,I10,Hypertension
719.2,M12.20,JointDisorders
719.21,M12.211,JointDisorders
719.21,M12.212,JointDisorders
719.21,M12.219,JointDisorders
719.22,M12.221,JointDisorders
719.22,M12.222,JointDisorders
719.22,M12.229,JointDisorders
719.23,M12.231,JointDisorders
719.23,M12.232,JointDisorders
719.23,M12.239,JointDisorders
719.24,M12.241,JointDisorders
719.24,M12.242,JointDisorders
719.24,M12.249,JointDisorders
719.25,M12.251,JointDisorders
719.25,M12.252,JointDisorders
719.25,M12.259,JointDisorders
719.26,M12.261,JointDisorders
719.26,M12.262,JointDisorders
719.26,M12.269,JointDisorders
719.27,M12.271,JointDisorders
719.27,M12.272,JointDisorders
719.27,M12.279,JointDisorders
719.28,M12.28,JointDisorders
719.29,M12.29,JointDisorders
719.3,M12.30,JointDisorders
719.31,M12.311,JointDisorders
719.31,M12.312,JointDisorders
719.31,M12.319,JointDisorders
719.32,M12.321,JointDisorders
719.32,M12.322,JointDisorders
719.32,M12.329,JointDisorders
719.33,M12.331,JointDisorders
719.33,M12.332,JointDisorders
719.33,M12.339,JointDisorders
719.34,M12.341,JointDisorders
719.34,M12.342,JointDisorders
719.34,M12.349,JointDisorders
719.35,M12.351,JointDisorders
719.35,M12.352,JointDisorders
719.35,M12.359,JointDisorders
719.36,M12.361,JointDisorders
719.36,M12.362,JointDisorders
719.36,M12.369,JointDisorders
719.37,M12.371,JointDisorders
719.37,M12.372,JointDisorders
719.37,M12.379,JointDisorders
719.38,M12.38,JointDisorders
719.39,M12.39,JointDisorders
719.3,M12.40,JointDisorders
719.31,M12.411,JointDisorders
719.31,M12.412,JointDisorders
719.31,M12.419,JointDisorders
719.32,M12.421,JointDisorders
719.32,M12.422,JointDisorders
719.32,M12.429,JointDisorders
719.33,M12.431,JointDisorders
719.33,M12.432,JointDisorders
719.33,M12.439,JointDisorders
719.34,M12.441,JointDisorders
719.34,M12.442,JointDisorders
719.34,M12.449,JointDisorders
719.35,M12.451,JointDisorders
719.35,M12.452,JointDisorders
719.35,M12.459,JointDisorders
719.36,M12.461,JointDisorders
719.36,M12.462,JointDisorders
719.36,M12.469,JointDisorders
719.37,M12.471,JointDisorders
719.37,M12.472,JointDisorders
719.37,M12.479,JointDisorders
719.38,M12.48,JointDisorders
719.39,M12.49,JointDisorders
719.1,M25.00,JointDisorders
719.19,M25.00,JointDisorders
719.11,M25.011,JointDisorders
719.11,M25.012,JointDisorders
719.11,M25.019,JointDisorders
719.12,M25.021,JointDisorders
719.12,M25.022,JointDisorders
719.12,M25.029,JointDisorders
719.13,M25.031,JointDisorders
719.13,M25.032,JointDisorders
719.13,M25.039,JointDisorders
719.14,M25.041,JointDisorders
719.14,M25.042,JointDisorders
719.14,M25.049,JointDisorders
719.15,M25.051,JointDisorders
719.15,M25.052,JointDisorders
719.15,M25.059,JointDisorders
719.16,M25.061,JointDisorders
719.16,M25.062,JointDisorders
719.16,M25.069,JointDisorders
719.17,M25.071,JointDisorders
719.17,M25.072,JointDisorders
719.17,M25.073,JointDisorders
719.17,M25.074,JointDisorders
719.17,M25.075,JointDisorders
719.17,M25.076,JointDisorders
719.18,M25.08,JointDisorders
719.8,M25.10,JointDisorders
719.89,M25.10,JointDisorders
719.81,M25.111,JointDisorders
719.81,M25.112,JointDisorders
719.81,M25.119,JointDisorders
719.82,M25.121,JointDisorders
719.82,M25.122,JointDisorders
719.82,M25.129,JointDisorders
719.83,M25.131,JointDisorders
719.83,M25.132,JointDisorders
719.83,M25.139,JointDisorders
719.84,M25.141,JointDisorders
719.84,M25.142,JointDisorders
719.84,M25.149,JointDisorders
719.85,M25.151,JointDisorders
719.85,M25.152,JointDisorders
719.85,M25.159,JointDisorders
719.86,M25.161,JointDisorders
719.86,M25.162,JointDisorders
719.86,M25.169,JointDisorders
719.87,M25.171,JointDisorders
719.87,M25.172,JointDisorders
719.87,M25.173,JointDisorders
719.87,M25.174,JointDisorders
719.87,M25.175,JointDisorders
719.87,M25.176,JointDisorders
719.88,M25.18,JointDisorders
719,M25.40,JointDisorders
719.09,M25.40,JointDisorders
719.01,M25.411,JointDisorders
719.01,M25.412,JointDisorders
719.01,M25.419,JointDisorders
719.02,M25.421,JointDisorders
719.02,M25.422,JointDisorders
719.02,M25.429,JointDisorders
719.03,M25.431,JointDisorders
719.03,M25.432,JointDisorders
719.03,M25.439,JointDisorders
719.04,M25.441,JointDisorders
719.04,M25.442,JointDisorders
719.04,M25.449,JointDisorders
719.05,M25.451,JointDisorders
719.05,M25.452,JointDisorders
719.05,M25.459,JointDisorders
719.06,M25.461,JointDisorders
719.06,M25.462,JointDisorders
719.06,M25.469,JointDisorders
719.07,M25.471,JointDisorders
719.07,M25.472,JointDisorders
719.07,M25.473,JointDisorders
719.07,M25.474,JointDisorders
719.07,M25.475,JointDisorders
719.07,M25.476,JointDisorders
719.08,M25.48,JointDisorders
719.4,M25.50,JointDisorders
719.48,M25.50,JointDisorders
719.49,M25.50,JointDisorders
719.41,M25.511,JointDisorders
719.41,M25.512,JointDisorders
719.41,M25.519,JointDisorders
719.42,M25.521,JointDisorders
719.42,M25.522,JointDisorders
719.42,M25.529,JointDisorders
719.43,M25.531,JointDisorders
719.43,M25.532,JointDisorders
719.43,M25.539,JointDisorders
719.45,M25.551,JointDisorders
719.45,M25.552,JointDisorders
719.45,M25.559,JointDisorders
719.46,M25.561,JointDisorders
719.46,M25.562,JointDisorders
719.46,M25.569,JointDisorders
719.47,M25.571,JointDisorders
719.47,M25.572,JointDisorders
719.47,M25.579,JointDisorders
719.5,M25.60,JointDisorders
719.58,M25.60,JointDisorders
719.59,M25.60,JointDisorders
719.51,M25.611,JointDisorders
719.51,M25.612,JointDisorders
719.51,M25.619,JointDisorders
719.52,M25.621,JointDisorders
719.52,M25.622,JointDisorders
719.52,M25.629,JointDisorders
719.53,M25.631,JointDisorders
719.53,M25.632,JointDisorders
719.53,M25.639,JointDisorders
719.54,M25.641,JointDisorders
719.54,M25.642,JointDisorders
719.54,M25.649,JointDisorders
719.55,M25.651,JointDisorders
719.55,M25.652,JointDisorders
719.55,M25.659,JointDisorders
719.56,M25.661,JointDisorders
719.56,M25.662,JointDisorders
719.56,M25.669,JointDisorders
719.57,M25.671,JointDisorders
719.57,M25.672,JointDisorders
719.57,M25.673,JointDisorders
719.57,M25.674,JointDisorders
719.57,M25.675,JointDisorders
719.57,M25.676,JointDisorders
719.8,M25.80,JointDisorders
719.89,M25.80,JointDisorders
719.81,M25.811,JointDisorders
719.81,M25.812,JointDisorders
719.81,M25.819,JointDisorders
719.82,M25.821,JointDisorders
719.82,M25.822,JointDisorders
719.82,M25.829,JointDisorders
719.83,M25.831,JointDisorders
719.83,M25.832,JointDisorders
719.83,M25.839,JointDisorders
719.84,M25.841,JointDisorders
719.84,M25.842,JointDisorders
719.84,M25.849,JointDisorders
719.85,M25.851,JointDisorders
719.85,M25.852,JointDisorders
719.85,M25.859,JointDisorders
719.86,M25.861,JointDisorders
719.86,M25.862,JointDisorders
719.86,M25.869,JointDisorders
719.87,M25.871,JointDisorders
719.87,M25.872,JointDisorders
719.87,M25.879,JointDisorders
719.9,M25.9,JointDisorders
719.91,M25.9,JointDisorders
719.92,M25.9,JointDisorders
719.93,M25.9,JointDisorders
719.94,M25.9,JointDisorders
719.95,M25.9,JointDisorders
719.96,M25.9,JointDisorders
719.97,M25.9,JointDisorders
719.98,M25.9,JointDisorders
719.99,M25.9,JointDisorders
719.44,M79.643,JointDisorders
719.44,M79.646,JointDisorders
719.7,R26.2,JointDisorders
719.75,R26.2,JointDisorders
719.76,R26.2,JointDisorders
719.77,R26.2,JointDisorders
719.78,R26.2,JointDisorders
719.79,R26.2,JointDisorders
719.65,R29.4,JointDisorders
719.6,R29.898,JointDisorders
719.61,R29.898,JointDisorders
719.62,R29.898,JointDisorders
719.63,R29.898,JointDisorders
719.64,R29.898,JointDisorders
719.66,R29.898,JointDisorders
719.67,R29.898,JointDisorders
719.68,R29.898,JointDisorders
719.69,R29.898,JointDisorders
272.8,E71.30,LipoidMetabDis
272.7,E75.21,LipoidMetabDis
272.7,E75.22,LipoidMetabDis
272.7,E75.240,LipoidMetabDis
272.7,E75.241,LipoidMetabDis
272.7,E75.242,LipoidMetabDis
272.7,E75.243,LipoidMetabDis
272.7,E75.248,LipoidMetabDis
272.7,E75.249,LipoidMetabDis
272.7,E75.3,LipoidMetabDis
272.8,E75.5,LipoidMetabDis
272.9,E75.6,LipoidMetabDis
272.7,E77.0,LipoidMetabDis
272.7,E77.1,LipoidMetabDis
272.7,E77.8,LipoidMetabDis
272.7,E77.9,LipoidMetabDis
272,E78.0,LipoidMetabDis
272.1,E78.1,LipoidMetabDis
272.2,E78.2,LipoidMetabDis
272.3,E78.3,LipoidMetabDis
272.4,E78.4,LipoidMetabDis
272.4,E78.5,LipoidMetabDis
272.9,E78.5,LipoidMetabDis
272.5,E78.6,LipoidMetabDis
272.9,E78.70,LipoidMetabDis
272.8,E78.79,LipoidMetabDis
272.8,E78.81,LipoidMetabDis
272.8,E78.89,LipoidMetabDis
272.9,E78.9,LipoidMetabDis
272.6,E88.1,LipoidMetabDis
272.8,E88.2,LipoidMetabDis
272.8,E88.89,LipoidMetabDis
583.81,E10.21,Nephropathy
583.81,E11.21,Nephropathy
583.89,N05.0,Nephropathy
583.89,N05.1,Nephropathy
583.1,N05.2,Nephropathy
583.2,N05.3,Nephropathy
583.2,N05.4,Nephropathy
583.2,N05.5,Nephropathy
583.89,N05.6,Nephropathy
583.89,N05.7,Nephropathy
583.89,N05.8,Nephropathy
583,N05.9,Nephropathy
583.4,N05.9,Nephropathy
583.9,N05.9,Nephropathy
583.89,N06.0,Nephropathy
583.89,N06.1,Nephropathy
583.1,N06.2,Nephropathy
583.2,N06.3,Nephropathy
583.2,N06.4,Nephropathy
583.2,N06.5,Nephropathy
583.89,N06.6,Nephropathy
583.89,N06.7,Nephropathy
583.89,N06.8,Nephropathy
583.9,N06.9,Nephropathy
583.89,N07.0,Nephropathy
583.89,N07.1,Nephropathy
583.1,N07.2,Nephropathy
583.2,N07.3,Nephropathy
583.2,N07.4,Nephropathy
583.2,N07.5,Nephropathy
583.89,N07.6,Nephropathy
583.89,N07.7,Nephropathy
583.89,N07.8,Nephropathy
583.9,N07.9,Nephropathy
583.89,N14.0,Nephropathy
583.89,N14.1,Nephropathy
583.89,N14.2,Nephropathy
583.89,N14.3,Nephropathy
583.89,N14.4,Nephropathy
583.89,N15.0,Nephropathy
583.89,N15.8,Nephropathy
583.9,N15.9,Nephropathy
583.81,N16,Nephropathy
583.6,N17.1,Nephropathy
583.7,N17.2,Nephropathy
585,N18.4,Nephropathy
585,N18.5,Nephropathy
585,N18.6,Nephropathy
585,N18.9,Nephropathy
278.1,E65,ObesityHyperal
278.01,E66.01,ObesityHyperal
278,E66.09,ObesityHyperal
278,E66.1,ObesityHyperal
278.01,E66.2,ObesityHyperal
278,E66.8,ObesityHyperal
278,E66.9,ObesityHyperal
278.2,E67.0,ObesityHyperal
278.3,E67.1,ObesityHyperal
278.8,E67.2,ObesityHyperal
278.4,E67.3,ObesityHyperal
278.8,E67.8,ObesityHyperal
278.8,E68,ObesityHyperal
726.91,M25.70,PeripheralEnthe
726.2,M25.711,PeripheralEnthe
726.2,M25.712,PeripheralEnthe
726.2,M25.719,PeripheralEnthe
726.3,M25.721,PeripheralEnthe
726.3,M25.722,PeripheralEnthe
726.3,M25.729,PeripheralEnthe
726.4,M25.731,PeripheralEnthe
726.4,M25.732,PeripheralEnthe
726.4,M25.739,PeripheralEnthe
726.4,M25.741,PeripheralEnthe
726.4,M25.742,PeripheralEnthe
726.4,M25.749,PeripheralEnthe
726.5,M25.751,PeripheralEnthe
726.5,M25.752,PeripheralEnthe
726.5,M25.759,PeripheralEnthe
726.6,M25.761,PeripheralEnthe
726.6,M25.762,PeripheralEnthe
726.6,M25.769,PeripheralEnthe
726.7,M25.771,PeripheralEnthe
726.7,M25.772,PeripheralEnthe
726.7,M25.773,PeripheralEnthe
726.7,M25.774,PeripheralEnthe
726.7,M25.775,PeripheralEnthe
726.7,M25.776,PeripheralEnthe
726.1,M66.211,PeripheralEnthe
726.1,M66.212,PeripheralEnthe
726.1,M66.219,PeripheralEnthe
726.1,M66.811,PeripheralEnthe
726.1,M66.812,PeripheralEnthe
726.1,M66.819,PeripheralEnthe
726.4,M70.10,PeripheralEnthe
726.4,M70.11,PeripheralEnthe
726.4,M70.12,PeripheralEnthe
726.33,M70.20,PeripheralEnthe
726.33,M70.21,PeripheralEnthe
726.33,M70.22,PeripheralEnthe
726.39,M70.30,PeripheralEnthe
726.39,M70.31,PeripheralEnthe
726.39,M70.32,PeripheralEnthe
726.65,M70.40,PeripheralEnthe
726.65,M70.41,PeripheralEnthe
726.65,M70.42,PeripheralEnthe
726.6,M70.50,PeripheralEnthe
726.6,M70.51,PeripheralEnthe
726.6,M70.52,PeripheralEnthe
726.5,M70.60,PeripheralEnthe
726.5,M70.61,PeripheralEnthe
726.5,M70.62,PeripheralEnthe
726.5,M70.70,PeripheralEnthe
726.5,M70.71,PeripheralEnthe
726.5,M70.72,PeripheralEnthe
726,M75.00,PeripheralEnthe
726,M75.01,PeripheralEnthe
726,M75.02,PeripheralEnthe
726.1,M75.100,PeripheralEnthe
726.1,M75.101,PeripheralEnthe
726.1,M75.102,PeripheralEnthe
726.19,M75.110,PeripheralEnthe
726.19,M75.111,PeripheralEnthe
726.19,M75.112,PeripheralEnthe
726.12,M75.20,PeripheralEnthe
726.12,M75.21,PeripheralEnthe
726.12,M75.22,PeripheralEnthe
726.11,M75.30,PeripheralEnthe
726.2,M75.30,PeripheralEnthe
726.11,M75.31,PeripheralEnthe
726.2,M75.31,PeripheralEnthe
726.11,M75.32,PeripheralEnthe
726.2,M75.32,PeripheralEnthe
726.2,M75.40,PeripheralEnthe
726.2,M75.41,PeripheralEnthe
726.2,M75.42,PeripheralEnthe
726.1,M75.50,PeripheralEnthe
726.2,M75.50,PeripheralEnthe
726.1,M75.51,PeripheralEnthe
726.2,M75.51,PeripheralEnthe
726.1,M75.52,PeripheralEnthe
726.2,M75.52,PeripheralEnthe
726.19,M75.80,PeripheralEnthe
726.2,M75.80,PeripheralEnthe
726.19,M75.81,PeripheralEnthe
726.2,M75.81,PeripheralEnthe
726.19,M75.82,PeripheralEnthe
726.2,M75.82,PeripheralEnthe
726.2,M75.90,PeripheralEnthe
726.2,M75.91,PeripheralEnthe
726.2,M75.92,PeripheralEnthe
726.5,M76.00,PeripheralEnthe
726.5,M76.01,PeripheralEnthe
726.5,M76.02,PeripheralEnthe
726.5,M76.10,PeripheralEnthe
726.5,M76.11,PeripheralEnthe
726.5,M76.12,PeripheralEnthe
726.5,M76.20,PeripheralEnthe
726.5,M76.21,PeripheralEnthe
726.5,M76.22,PeripheralEnthe
726.5,M76.30,PeripheralEnthe
726.5,M76.31,PeripheralEnthe
726.5,M76.32,PeripheralEnthe
726.62,M76.40,PeripheralEnthe
726.62,M76.41,PeripheralEnthe
726.62,M76.42,PeripheralEnthe
726.64,M76.50,PeripheralEnthe
726.64,M76.51,PeripheralEnthe
726.64,M76.52,PeripheralEnthe
726.71,M76.60,PeripheralEnthe
726.71,M76.61,PeripheralEnthe
726.71,M76.62,PeripheralEnthe
726.79,M76.70,PeripheralEnthe
726.79,M76.71,PeripheralEnthe
726.79,M76.72,PeripheralEnthe
726.72,M76.811,PeripheralEnthe
726.72,M76.812,PeripheralEnthe
726.72,M76.819,PeripheralEnthe
726.72,M76.821,PeripheralEnthe
726.72,M76.822,PeripheralEnthe
726.72,M76.829,PeripheralEnthe
726.8,M76.891,PeripheralEnthe
726.8,M76.892,PeripheralEnthe
726.61,M76.899,PeripheralEnthe
726.63,M76.899,PeripheralEnthe
726.69,M76.899,PeripheralEnthe
726.7,M76.899,PeripheralEnthe
726.8,M76.9,PeripheralEnthe
726.31,M77.00,PeripheralEnthe
726.31,M77.01,PeripheralEnthe
726.31,M77.02,PeripheralEnthe
726.32,M77.10,PeripheralEnthe
726.32,M77.11,PeripheralEnthe
726.32,M77.12,PeripheralEnthe
726.4,M77.20,PeripheralEnthe
726.4,M77.21,PeripheralEnthe
726.4,M77.22,PeripheralEnthe
726.73,M77.30,PeripheralEnthe
726.73,M77.31,PeripheralEnthe
726.73,M77.32,PeripheralEnthe
726.7,M77.40,PeripheralEnthe
726.7,M77.41,PeripheralEnthe
726.7,M77.42,PeripheralEnthe
726.79,M77.50,PeripheralEnthe
726.79,M77.51,PeripheralEnthe
726.79,M77.52,PeripheralEnthe
726.8,M77.8,PeripheralEnthe
726.9,M77.9,PeripheralEnthe
440.2,I70.201,PeripheralVascDisease
440.2,I70.202,PeripheralVascDisease
440.2,I70.203,PeripheralVascDisease
440.2,I70.208,PeripheralVascDisease
440.2,I70.209,PeripheralVascDisease
440.21,I70.211,PeripheralVascDisease
440.21,I70.212,PeripheralVascDisease
440.21,I70.213,PeripheralVascDisease
440.21,I70.218,PeripheralVascDisease
440.21,I70.219,PeripheralVascDisease
440.22,I70.221,PeripheralVascDisease
440.22,I70.222,PeripheralVascDisease
440.22,I70.223,PeripheralVascDisease
440.22,I70.228,PeripheralVascDisease
440.22,I70.229,PeripheralVascDisease
440.23,I70.231,PeripheralVascDisease
440.23,I70.232,PeripheralVascDisease
440.23,I70.233,PeripheralVascDisease
440.23,I70.234,PeripheralVascDisease
440.23,I70.235,PeripheralVascDisease
440.23,I70.238,PeripheralVascDisease
440.23,I70.239,PeripheralVascDisease
440.23,I70.241,PeripheralVascDisease
440.23,I70.242,PeripheralVascDisease
440.23,I70.243,PeripheralVascDisease
440.23,I70.244,PeripheralVascDisease
440.23,I70.245,PeripheralVascDisease
440.23,I70.248,PeripheralVascDisease
440.23,I70.249,PeripheralVascDisease
440.23,I70.25,PeripheralVascDisease
440.24,I70.261,PeripheralVascDisease
440.24,I70.262,PeripheralVascDisease
440.24,I70.263,PeripheralVascDisease
440.24,I70.268,PeripheralVascDisease
440.24,I70.269,PeripheralVascDisease
440.29,I70.291,PeripheralVascDisease
440.29,I70.292,PeripheralVascDisease
440.29,I70.293,PeripheralVascDisease
440.29,I70.298,PeripheralVascDisease
440.29,I70.299,PeripheralVascDisease
440.2,I70.92,PeripheralVascDisease
440.21,I70.92,PeripheralVascDisease
440.22,I70.92,PeripheralVascDisease
440.23,I70.92,PeripheralVascDisease
440.24,I70.92,PeripheralVascDisease
440.29,I70.92,PeripheralVascDisease
440.29,I75.011,PeripheralVascDisease
440.29,I75.012,PeripheralVascDisease
440.29,I75.013,PeripheralVascDisease
440.29,I75.019,PeripheralVascDisease
440.29,I75.021,PeripheralVascDisease
440.29,I75.022,PeripheralVascDisease
440.29,I75.023,PeripheralVascDisease
440.29,I75.029,PeripheralVascDisease
367,H52.00,RefractionDis
367,H52.01,RefractionDis
367,H52.02,RefractionDis
367,H52.03,RefractionDis
367.1,H52.10,RefractionDis
367.1,H52.11,RefractionDis
367.1,H52.12,RefractionDis
367.1,H52.13,RefractionDis
367.2,H52.201,RefractionDis
367.2,H52.202,RefractionDis
367.2,H52.203,RefractionDis
367.2,H52.209,RefractionDis
367.22,H52.211,RefractionDis
367.22,H52.212,RefractionDis
367.22,H52.213,RefractionDis
367.22,H52.219,RefractionDis
367.21,H52.221,RefractionDis
367.21,H52.222,RefractionDis
367.21,H52.223,RefractionDis
367.21,H52.229,RefractionDis
367.31,H52.31,RefractionDis
367.32,H52.32,RefractionDis
367.4,H52.4,RefractionDis
367.52,H52.511,RefractionDis
367.52,H52.512,RefractionDis
367.52,H52.513,RefractionDis
367.52,H52.519,RefractionDis
367.51,H52.521,RefractionDis
367.51,H52.522,RefractionDis
367.51,H52.523,RefractionDis
367.51,H52.529,RefractionDis
367.53,H52.531,RefractionDis
367.53,H52.532,RefractionDis
367.53,H52.533,RefractionDis
367.53,H52.539,RefractionDis
367.81,H52.6,RefractionDis
367.89,H52.6,RefractionDis
367.9,H52.7,RefractionDis
786.3,R04.2,RespChestSymptoms
786.3,R04.81,RespChestSymptoms
786.3,R04.89,RespChestSymptoms
786.3,R04.9,RespChestSymptoms
786.2,R05,RespChestSymptoms
786.09,R06.00,RespChestSymptoms
786.02,R06.01,RespChestSymptoms
786.05,R06.02,RespChestSymptoms
786.09,R06.09,RespChestSymptoms
786.1,R06.1,RespChestSymptoms
786.07,R06.2,RespChestSymptoms
786.04,R06.3,RespChestSymptoms
786.09,R06.3,RespChestSymptoms
786.01,R06.4,RespChestSymptoms
786.8,R06.6,RespChestSymptoms
786.03,R06.81,RespChestSymptoms
786.06,R06.82,RespChestSymptoms
786.09,R06.83,RespChestSymptoms
786.09,R06.89,RespChestSymptoms
786.9,R06.89,RespChestSymptoms
786,R06.9,RespChestSymptoms
786.52,R07.1,RespChestSymptoms
786.51,R07.2,RespChestSymptoms
786.52,R07.81,RespChestSymptoms
786.59,R07.81,RespChestSymptoms
786.59,R07.82,RespChestSymptoms
786.59,R07.89,RespChestSymptoms
786.5,R07.9,RespChestSymptoms
786.4,R09.3,RespChestSymptoms
786.7,R09.89,RespChestSymptoms
786.6,R22.2,RespChestSymptoms
786.6,R91.8,RespChestSymptoms
729.82,G47.62,SoftTissueDis
729.3,M35.6,SoftTissueDis
729.2,M54.10,SoftTissueDis
729.2,M54.18,SoftTissueDis
729.1,M60.80,SoftTissueDis
729.1,M60.811,SoftTissueDis
729.1,M60.812,SoftTissueDis
729.1,M60.819,SoftTissueDis
729.1,M60.821,SoftTissueDis
729.1,M60.822,SoftTissueDis
729.1,M60.829,SoftTissueDis
729.1,M60.831,SoftTissueDis
729.1,M60.832,SoftTissueDis
729.1,M60.839,SoftTissueDis
729.1,M60.841,SoftTissueDis
729.1,M60.842,SoftTissueDis
729.1,M60.849,SoftTissueDis
729.1,M60.851,SoftTissueDis
729.1,M60.852,SoftTissueDis
729.1,M60.859,SoftTissueDis
729.1,M60.861,SoftTissueDis
729.1,M60.862,SoftTissueDis
729.1,M60.869,SoftTissueDis
729.1,M60.871,SoftTissueDis
729.1,M60.872,SoftTissueDis
729.1,M60.879,SoftTissueDis
729.1,M60.88,SoftTissueDis
729.1,M60.89,SoftTissueDis
729.1,M60.9,SoftTissueDis
729.9,M70.80,SoftTissueDis
729.9,M70.811,SoftTissueDis
729.9,M70.812,SoftTissueDis
729.9,M70.819,SoftTissueDis
729.9,M70.821,SoftTissueDis
729.9,M70.822,SoftTissueDis
729.9,M70.829,SoftTissueDis
729.9,M70.831,SoftTissueDis
729.9,M70.832,SoftTissueDis
729.9,M70.839,SoftTissueDis
729.9,M70.841,SoftTissueDis
729.9,M70.842,SoftTissueDis
729.9,M70.849,SoftTissueDis
729.9,M70.851,SoftTissueDis
729.9,M70.852,SoftTissueDis
729.9,M70.859,SoftTissueDis
729.9,M70.861,SoftTissueDis
729.9,M70.862,SoftTissueDis
729.9,M70.869,SoftTissueDis
729.9,M70.871,SoftTissueDis
729.9,M70.872,SoftTissueDis
729.9,M70.879,SoftTissueDis
729.9,M70.88,SoftTissueDis
729.9,M70.89,SoftTissueDis
729.9,M70.90,SoftTissueDis
729.9,M70.911,SoftTissueDis
729.9,M70.912,SoftTissueDis
729.9,M70.919,SoftTissueDis
729.9,M70.921,SoftTissueDis
729.9,M70.922,SoftTissueDis
729.9,M70.929,SoftTissueDis
729.9,M70.931,SoftTissueDis
729.9,M70.932,SoftTissueDis
729.9,M70.939,SoftTissueDis
729.9,M70.941,SoftTissueDis
729.9,M70.942,SoftTissueDis
729.9,M70.949,SoftTissueDis
729.9,M70.951,SoftTissueDis
729.9,M70.952,SoftTissueDis
729.9,M70.959,SoftTissueDis
729.9,M70.961,SoftTissueDis
729.9,M70.962,SoftTissueDis
729.9,M70.969,SoftTissueDis
729.9,M70.971,SoftTissueDis
729.9,M70.972,SoftTissueDis
729.9,M70.979,SoftTissueDis
729.9,M70.98,SoftTissueDis
729.9,M70.99,SoftTissueDis
729.4,M72.9,SoftTissueDis
729,M79.0,SoftTissueDis
729.1,M79.1,SoftTissueDis
729.2,M79.2,SoftTissueDis
729.3,M79.3,SoftTissueDis
729.39,M79.3,SoftTissueDis
729.31,M79.4,SoftTissueDis
729.6,M79.5,SoftTissueDis
729.5,M79.601,SoftTissueDis
729.5,M79.602,SoftTissueDis
729.5,M79.603,SoftTissueDis
729.5,M79.604,SoftTissueDis
729.5,M79.605,SoftTissueDis
729.5,M79.606,SoftTissueDis
729.5,M79.609,SoftTissueDis
729.5,M79.621,SoftTissueDis
729.5,M79.622,SoftTissueDis
729.5,M79.629,SoftTissueDis
729.5,M79.631,SoftTissueDis
729.5,M79.632,SoftTissueDis
729.5,M79.639,SoftTissueDis
729.5,M79.641,SoftTissueDis
729.5,M79.642,SoftTissueDis
729.5,M79.643,SoftTissueDis
729.5,M79.644,SoftTissueDis
729.5,M79.645,SoftTissueDis
729.5,M79.646,SoftTissueDis
729.5,M79.651,SoftTissueDis
729.5,M79.652,SoftTissueDis
729.5,M79.659,SoftTissueDis
729.5,M79.661,SoftTissueDis
729.5,M79.662,SoftTissueDis
729.5,M79.669,SoftTissueDis
729.5,M79.671,SoftTissueDis
729.5,M79.672,SoftTissueDis
729.5,M79.673,SoftTissueDis
729.5,M79.674,SoftTissueDis
729.5,M79.675,SoftTissueDis
729.5,M79.676,SoftTissueDis
729.1,M79.7,SoftTissueDis
729.9,M79.81,SoftTissueDis
729.81,M79.89,SoftTissueDis
729.9,M79.89,SoftTissueDis
729.9,M79.9,SoftTissueDis
729.9,M79.A11,SoftTissueDis
729.9,M79.A12,SoftTissueDis
729.9,M79.A19,SoftTissueDis
729.9,M79.A21,SoftTissueDis
729.9,M79.A22,SoftTissueDis
729.9,M79.A29,SoftTissueDis
729.9,M79.A3,SoftTissueDis
729.9,M79.A9,SoftTissueDis
729.82,R25.2,SoftTissueDis
729.89,R29.898,SoftTissueDis
799,R09.01,UnknownCauses
799,R09.02,UnknownCauses
799.1,R09.2,UnknownCauses
799.8,R41.89,UnknownCauses
799.8,R44.8,UnknownCauses
799.8,R44.9,UnknownCauses
799.2,R45.0,UnknownCauses
799.8,R45.3,UnknownCauses
799.2,R45.4,UnknownCauses
799.2,R45.87,UnknownCauses
799.2,R45.89,UnknownCauses
799.8,R46.0,UnknownCauses
799.8,R46.1,UnknownCauses
799.8,R46.2,UnknownCauses
799.8,R46.3,UnknownCauses
799.8,R46.4,UnknownCauses
799.8,R46.5,UnknownCauses
799.8,R46.6,UnknownCauses
799.8,R46.7,UnknownCauses
799.8,R46.81,UnknownCauses
799.8,R46.89,UnknownCauses
799.3,R53.81,UnknownCauses
799.4,R64,UnknownCauses
799.8,R68.13,UnknownCauses
799.8,R68.19,UnknownCauses
799.8,R68.82,UnknownCauses
799.8,R68.89,UnknownCauses
799.8,R69,UnknownCauses
799.9,R69,UnknownCauses
799.9,R99,UnknownCauses
790.8,B34.9,ViralInfection
790.94,E07.81,ViralInfection
790.6,E79.0,ViralInfection
794.31,I45.81,ViralInfection
791.9,N39.0,ViralInfection
792.3,O28.0,ViralInfection
796.5,O28.0,ViralInfection
792.3,O28.1,ViralInfection
796.5,O28.1,ViralInfection
792.3,O28.2,ViralInfection
796.5,O28.2,ViralInfection
792.3,O28.3,ViralInfection
796.5,O28.3,ViralInfection
792.3,O28.4,ViralInfection
796.5,O28.4,ViralInfection
792.3,O28.5,ViralInfection
796.5,O28.5,ViralInfection
792.3,O28.8,ViralInfection
796.5,O28.8,ViralInfection
792.3,O28.9,ViralInfection
796.5,O28.9,ViralInfection
796.9,P09,ViralInfection
796.2,R03.0,ViralInfection
796.3,R03.1,ViralInfection
799,R09.01,ViralInfection
799,R09.02,ViralInfection
799.1,R09.2,ViralInfection
792.1,R19.5,ViralInfection
796.1,R29.2,ViralInfection
797,R41.81,ViralInfection
799.8,R41.89,ViralInfection
799.8,R44.8,ViralInfection
799.8,R44.9,ViralInfection
799.2,R45.0,ViralInfection
799.8,R45.3,ViralInfection
799.2,R45.4,ViralInfection
799.2,R45.87,ViralInfection
799.2,R45.89,ViralInfection
799.8,R46.0,ViralInfection
799.8,R46.1,ViralInfection
799.8,R46.2,ViralInfection
799.8,R46.3,ViralInfection
799.8,R46.4,ViralInfection
799.8,R46.5,ViralInfection
799.8,R46.6,ViralInfection
799.8,R46.7,ViralInfection
799.8,R46.81,ViralInfection
799.8,R46.89,ViralInfection
799.3,R53.81,ViralInfection
797,R54,ViralInfection
799.4,R64,ViralInfection
799.8,R68.13,ViralInfection
799.8,R68.19,ViralInfection
799.8,R68.82,ViralInfection
796.4,R68.89,ViralInfection
796.9,R68.89,ViralInfection
799.8,R68.89,ViralInfection
799.8,R69,ViralInfection
799.9,R69,ViralInfection
790.1,R70.0,ViralInfection
790.99,R70.1,ViralInfection
790.01,R71.0,ViralInfection
790.09,R71.8,ViralInfection
790.2,R73.01,ViralInfection
790.2,R73.02,ViralInfection
790.2,R73.09,ViralInfection
790.2,R73.9,ViralInfection
790.6,R73.9,ViralInfection
790.4,R74.0,ViralInfection
790.5,R74.8,ViralInfection
790.5,R74.9,ViralInfection
795.71,R75,ViralInfection
795.79,R76.0,ViralInfection
795.5,R76.11,ViralInfection
795.5,R76.12,ViralInfection
795.6,R76.8,ViralInfection
795.79,R76.8,ViralInfection
795.79,R76.9,ViralInfection
790.99,R77.0,ViralInfection
790.99,R77.1,ViralInfection
790.99,R77.2,ViralInfection
790.99,R77.8,ViralInfection
790.99,R77.9,ViralInfection
790.3,R78.0,ViralInfection
790.99,R78.1,ViralInfection
790.99,R78.2,ViralInfection
790.99,R78.3,ViralInfection
790.99,R78.4,ViralInfection
790.99,R78.5,ViralInfection
790.99,R78.6,ViralInfection
790.6,R78.71,ViralInfection
790.6,R78.79,ViralInfection
790.7,R78.81,ViralInfection
790.6,R78.89,ViralInfection
790.99,R78.89,ViralInfection
790.99,R78.9,ViralInfection
790.6,R79.0,ViralInfection
790.92,R79.1,ViralInfection
790.91,R79.81,ViralInfection
790.99,R79.82,ViralInfection
790.6,R79.89,ViralInfection
790.99,R79.89,ViralInfection
790.6,R79.9,ViralInfection
790.99,R79.9,ViralInfection
791,R80.0,ViralInfection
791,R80.1,ViralInfection
791,R80.3,ViralInfection
791,R80.8,ViralInfection
791,R80.9,ViralInfection
791.5,R81,ViralInfection
791.1,R82.0,ViralInfection
791.3,R82.1,ViralInfection
791.4,R82.2,ViralInfection
791.2,R82.3,ViralInfection
791.6,R82.4,ViralInfection
791.9,R82.5,ViralInfection
796,R82.5,ViralInfection
791.9,R82.6,ViralInfection
796,R82.6,ViralInfection
791.9,R82.7,ViralInfection
791.9,R82.8,ViralInfection
791.9,R82.90,ViralInfection
791.9,R82.91,ViralInfection
791.7,R82.99,ViralInfection
791.9,R82.99,ViralInfection
792,R83.0,ViralInfection
792,R83.1,ViralInfection
792,R83.2,ViralInfection
792,R83.3,ViralInfection
792,R83.4,ViralInfection
792,R83.5,ViralInfection
792,R83.6,ViralInfection
792,R83.8,ViralInfection
792,R83.9,ViralInfection
792.9,R84.0,ViralInfection
792.9,R84.1,ViralInfection
792.9,R84.2,ViralInfection
792.9,R84.3,ViralInfection
792.9,R84.4,ViralInfection
792.9,R84.5,ViralInfection
792.9,R84.6,ViralInfection
792.9,R84.7,ViralInfection
792.9,R84.8,ViralInfection
792.9,R84.9,ViralInfection
792.4,R85.0,ViralInfection
792.9,R85.0,ViralInfection
792.4,R85.1,ViralInfection
792.9,R85.1,ViralInfection
792.4,R85.2,ViralInfection
792.9,R85.2,ViralInfection
792.4,R85.3,ViralInfection
792.9,R85.3,ViralInfection
792.4,R85.4,ViralInfection
792.9,R85.4,ViralInfection
792.4,R85.5,ViralInfection
792.9,R85.5,ViralInfection
795.1,R85.610,ViralInfection
795.1,R85.611,ViralInfection
795.1,R85.612,ViralInfection
795.1,R85.613,ViralInfection
795.1,R85.614,ViralInfection
795.1,R85.615,ViralInfection
795.1,R85.616,ViralInfection
795.1,R85.618,ViralInfection
795.1,R85.619,ViralInfection
792.4,R85.69,ViralInfection
792.9,R85.69,ViralInfection
792.4,R85.7,ViralInfection
792.9,R85.7,ViralInfection
795.1,R85.81,ViralInfection
795.1,R85.82,ViralInfection
792.4,R85.89,ViralInfection
792.9,R85.89,ViralInfection
792.4,R85.9,ViralInfection
792.9,R85.9,ViralInfection
792.2,R86.0,ViralInfection
792.2,R86.1,ViralInfection
792.2,R86.2,ViralInfection
792.2,R86.3,ViralInfection
792.2,R86.4,ViralInfection
792.2,R86.5,ViralInfection
792.2,R86.6,ViralInfection
792.2,R86.7,ViralInfection
792.2,R86.8,ViralInfection
792.2,R86.9,ViralInfection
792.9,R87.0,ViralInfection
792.9,R87.1,ViralInfection
792.9,R87.2,ViralInfection
792.9,R87.3,ViralInfection
792.9,R87.4,ViralInfection
792.9,R87.5,ViralInfection
795,R87.610,ViralInfection
795,R87.611,ViralInfection
795,R87.612,ViralInfection
795,R87.613,ViralInfection
795,R87.614,ViralInfection
795,R87.615,ViralInfection
795,R87.616,ViralInfection
795.4,R87.618,ViralInfection
795,R87.619,ViralInfection
795.4,R87.619,ViralInfection
795.1,R87.620,ViralInfection
795.1,R87.621,ViralInfection
795.1,R87.622,ViralInfection
795.1,R87.623,ViralInfection
795.1,R87.624,ViralInfection
795.1,R87.625,ViralInfection
795.1,R87.628,ViralInfection
795.4,R87.629,ViralInfection
792.9,R87.69,ViralInfection
792.9,R87.7,ViralInfection
795,R87.810,ViralInfection
795.1,R87.811,ViralInfection
795,R87.820,ViralInfection
795.1,R87.821,ViralInfection
795.4,R87.821,ViralInfection
792.9,R87.89,ViralInfection
792.9,R87.9,ViralInfection
792.5,R88.0,ViralInfection
792.9,R88.8,ViralInfection
792.9,R89.0,ViralInfection
792.9,R89.1,ViralInfection
792.9,R89.2,ViralInfection
796,R89.2,ViralInfection
792.9,R89.3,ViralInfection
796,R89.3,ViralInfection
792.9,R89.4,ViralInfection
792.9,R89.5,ViralInfection
792.9,R89.6,ViralInfection
792.9,R89.7,ViralInfection
795.4,R89.7,ViralInfection
792.9,R89.8,ViralInfection
795.2,R89.8,ViralInfection
792.9,R89.9,ViralInfection
795.3,R89.9,ViralInfection
794.01,R90.81,ViralInfection
793,R90.82,ViralInfection
793.9,R90.89,ViralInfection
793.1,R91.8,ViralInfection
793.8,R92.0,ViralInfection
793.8,R92.1,ViralInfection
793.8,R92.2,ViralInfection
793.8,R92.8,ViralInfection
793,R93.0,ViralInfection
793.2,R93.1,ViralInfection
793.3,R93.2,ViralInfection
793.4,R93.3,ViralInfection
793.5,R93.4,ViralInfection
793.6,R93.5,ViralInfection
793.7,R93.6,ViralInfection
793.7,R93.7,ViralInfection
793.2,R93.8,ViralInfection
793.9,R93.8,ViralInfection
793.9,R93.9,ViralInfection
794.02,R94.01,ViralInfection
794.09,R94.02,ViralInfection
794,R94.09,ViralInfection
794.09,R94.09,ViralInfection
794.12,R94.110,ViralInfection
794.11,R94.111,ViralInfection
794.13,R94.112,ViralInfection
794.14,R94.113,ViralInfection
794.19,R94.118,ViralInfection
794.15,R94.120,ViralInfection
794.16,R94.121,ViralInfection
794.19,R94.128,ViralInfection
794.1,R94.130,ViralInfection
794.17,R94.131,ViralInfection
794.19,R94.138,ViralInfection
794.2,R94.2,ViralInfection
794.3,R94.30,ViralInfection
794.31,R94.31,ViralInfection
794.39,R94.39,ViralInfection
794.4,R94.4,ViralInfection
794.8,R94.5,ViralInfection
794.5,R94.6,ViralInfection
794.6,R94.7,ViralInfection
794.7,R94.8,ViralInfection
794.9,R94.8,ViralInfection
796.9,R97.0,ViralInfection
796.9,R97.1,ViralInfection
790.93,R97.2,ViralInfection
796.9,R97.8,ViralInfection
798,R99,ViralInfection
798.1,R99,ViralInfection
798.2,R99,ViralInfection
798.9,R99,ViralInfection
799.9,R99,ViralInfection
